Top pages,Clicks,Impressions,CTR,Position
https://www.getsurfox.com/compare/surfox-vs-lead-sherpa,0,17,0%,5.94
https://www.getsurfox.com/blog/what-is-ai-lead-qualification,0,7,0%,45.43
https://www.getsurfox.com/blog/ai-sms-follow-up-real-estate-wholesalers,0,5,0%,4.8
https://www.getsurfox.com/compare/surfox-vs-spara,0,3,0%,4
https://www.getsurfox.com/blog/trade-show-lead-follow-up-failure,0,3,0%,5.33
https://www.getsurfox.com/blog/why-ai-sdr-tools-fail,0,3,0%,7.67
https://www.getsurfox.com/blog/revive-dead-real-estate-leads,0,3,0%,10.33
https://www.getsurfox.com/blog/how-fast-to-call-a-real-estate-lead,0,2,0%,3.5
https://www.getsurfox.com/integrations/follow-up-boss,0,2,0%,8
https://www.getsurfox.com/blog/ai-lead-qualification-cost-pricing-guide-2026,0,1,0%,1
https://www.getsurfox.com/compare/surfox-vs-smarter-contact,0,1,0%,1
https://www.getsurfox.com/,0,1,0%,2
https://www.getsurfox.com/about,0,1,0%,2
https://www.getsurfox.com/compare/surfox-vs-all-competitors,0,1,0%,2
https://www.getsurfox.com/compare/surfox-vs-textus,0,1,0%,2
https://www.getsurfox.com/platform,0,1,0%,2
https://www.getsurfox.com/staffing,0,1,0%,2
https://www.getsurfox.com/blog/triaging-high-volume-applicant-flow,0,1,0%,4
https://www.getsurfox.com/blog/ai-sdr-vs-hiring-sdr-roi-2026,0,1,0%,9
https://www.getsurfox.com/blog/trade-show-follow-up-conversion-cliff,0,1,0%,11
https://www.getsurfox.com/roi,0,1,0%,14
https://www.getsurfox.com/blog/real-estate-leads-not-answering,0,1,0%,26
https://www.getsurfox.com/leadership,0,1,0%,41